Word,ReadingKana,Occurences,ReadingFrequency,PitchPositions,Definitions,ExampleSentence,JmDictWordId,SameSurfaceSupportedAs,SameReadingSupportedAs
団,だん,195,5793,1,"group,body,party,company,troupe,gang,corps,ring",……ウゼえスター**団**はアジトでアカデミーを襲う計画を立てているとか…。？,1956650,,
今,いま,127,52,1,"now,the present time,just now,soon,immediately,another,more",**今**では研究所が建っておりロマンもへったくれもないがね…。,1288850,,
見る,みる,126,42,1,"to see,to look,to watch,to view,to observe,to examine,to look over,to assess,to check,to judge,to look after,to attend to,to take care of,to keep an eye on,to experience,to meet with (misfortune, success, etc.),to try ...,to have a go at ...,to give ... a try,to see (that) ...,to find (that) ...",,1259290,,
前,まえ,110,74,1,"in front (of),before (e.g. a building),before,earlier,previously,prior,ago,(minutes) to (the hour),(the) front,frontal part,fore,head (e.g. of a line),forward,ahead,(in the) presence (of),in front (of someone),previous (e.g. page),prior (e.g. engagement),first (e.g. half),former (e.g. example),portion,helping,front (of one's body or clothing),breast (of a coat, kimono, etc.),privates,private parts,criminal record,previous conviction,(a) prior",・約１０００年**前**・約２０００年前・約３０００年前４この学校は創立何年？,1392580,,
言う,いう,108,25,0,"to say,to utter,to declare,to name,to call,to go (e.g. ""the alarm went ping""),to make a noise",正直すぎてちょっとビックリ指名手配中のヤツほど違うって**言う**からね…。！,1587040,,
人,ひと,104,65,"0,2","person,someone,somebody,human beings,mankind,man,people,humans,human (Homo sapiens),(other) people,others,character,personality,nature,capable person,competent person,suitable person,right person,adult,grown-up,I,me,one",テーブルみたいに広いなあ学校にはいろんな**人**やいろんなポケモンがいるよ！,1580640,,
思う,おもう,88,32,2,"to think,to consider,to believe,to reckon,to think (of doing),to plan (to do),to judge,to assess,to regard,to imagine,to suppose,to dream,to expect,to look forward to,to feel,to be (in a state of mind),to desire,to want,to care (deeply) for,to yearn for,to worry about,to love,to recall,to remember",ここのジムリーダー強いから練習しといたほうがいいと**思う**よー！？,1589350,,
聞く,きく,86,62,0,"to hear,to listen (e.g. to music),to ask,to enquire,to query,to hear about,to hear of,to learn of,to follow (advice, order, etc.),to obey,to listen to,to comply with,to hear (e.g. a plea),to grant (a request),to accept (e.g. an argument),to give consideration to,to smell (esp. incense),to sample (a fragrance),to taste (alcohol),to try",どうしてもあんたに会って直接話がしたいそうだシュウメイ殿**聞いて**！,1591110,,
待つ,まつ,84,80,1,"to wait,to await,to look forward to,to anticipate,to depend on,to need",バトルコートで**待ってる**からー！,1410590,,
匹,ひき,83,3374,2,"counter for small animals,counter for rolls of cloth (two han in size),counter for horses,roll of cloth",壁画の中から出てきたのは剣と盾を持つ２**匹**のポケモン像！,1583370,,
違う,ちがう,76,111,2,"to differ (from),to be different,to be distinct,to be unlike,to vary,to disagree (with),to be wrong,to be incorrect,to be mistaken,to become abnormal,to go wrong,isn't it?,wasn't it?",ボックスはポケモンをあずけるもの生まれるとはちょっと**違います**かねえ？,1158880,,
食べる,たべる,76,197,2,"to eat,to live on (e.g. a salary),to live off,to subsist on",寝る前にお菓子**食べて**も怒られないんでしょ？,1358280,,
円,えん,75,975,"0,1","yen (currency of Japan),circle",２０００**円**で２００円のモンスターボールは１０個買うことができますが！,1175570,,
同じ,おなじ,64,130,0,"same,identical,equal,alike,equivalent,anyway,in any case,if one must ...,if one has to ...,as long as ...",ポケモンの性格人間と**同じ**でポケモンにも１匹１匹に性格があります。,1451750,,
本,ほん,59,503,1,"book,volume,script,this,present,current,... in question,... at issue,main,head,principal,real,genuine,regular,proper,counter for long, cylindrical things,counter for films, TV shows, etc.,counter for goals, home runs, etc.,counter for telephone calls",『オレンジアカデミー校歌』という**本**がある読んでみようか？,1522150,,
ＬＰ,エルピー,57,66615,3,"LP (record),long-playing record,long-play record,linear programming,line printer,laser printer,Liberal Party",……もう帰ってくれよこんなに続けてカチこまれてももう出せる**ＬＰ**ないから！,2039710,,
私,わたし,55,29,0,"I,me",オレはまだ燃えッカスになってねぇんだよ**私**こそがスター団のカシオペア！,1311110,,
個,こ,53,2175,1,"counter for (small) things or pieces,counter for military units,(an) individual,one person,counter for years (of age difference),counter for school-years",２０００円で２００円のモンスターボールは１０**個**買うことができますが！,1264740,,
今日,きょう,51,93,1,"today,this day,these days,recently,nowadays",**今日**はどこのサンドウィッチ屋さんで食べようかな？,1579110,,
年,ねん,51,210,1,"year,counter for years (e.g. of an era), grades (e.g. school),period of an apprentice's contract (usu. ten years)",・約１０００**年**前・約２０００年前・約３０００年前４この学校は創立何年？,2084840,,
少し,すこし,50,123,2,"a little,a bit,a small amount,a few,some,slightly,somewhat,a little while,a short time,a moment,a minute,a little way,a short distance",お待ちくださいさんのポケモンは**少し**お疲れのようですよごめーん！,1348870,,
大穴,おおあな,48,16557,0,"large hole,big deficit,heavy losses,long-shot win (in horse racing, etc.),big winnings (on a long shot),a killing (made from a bet)",一般人が入れないパルデアの**大穴**にはどんなポケモンがいるんじゃろう？,1643400,,
子,こ,45,213,0,"child,kid,teenager,youngster,young (non-adult) person,(one's) child,offspring,young woman,young (animal),offshoot,interest,new share,player who is not a dealer,young geisha,young prostitute,bird egg,-er (often of young women)",この**子**おくびょうだから力はあんまりだけど素早く動けるのよ！,1307770,,
感じる,かんじる,44,297,0,"to feel,to sense,to experience,to be moved (by),to be touched (by),to be impressed (by),to respond (to),to become infected with (an illness),to catch",タイプ相性突いてくるね勝ちへのこだわり**感じる**よ！,1212260,,
呼ぶ,よぶ,43,187,0,"to call out (to),to call,to invoke,to summon (a doctor, etc.),to invite,to designate,to name,to brand,to garner (support, etc.),to gather,to take as one's wife",お姉ちゃんもいるしわたしはやりたいようにやってるよーお父さまって**呼んで**んだ…。！？,1266440,,
読む,よむ,43,473,1,"to read,to recite (e.g. a sutra),to chant,to predict,to guess,to forecast,to read (someone's thoughts),to see (e.g. into someone's heart),to divine,to pronounce,to read (e.g. a kanji),to decipher,to read (a meter, graph, music, etc.),to tell (the time),to count,to estimate,to read (a kanji) with its native Japanese reading",,1456360,,
宝探し,たからさがし,42,24419,4,"treasure hunting,treasure hunt,lucky dip,game involving finding hidden prizes from a sand box, barrel of leaves, etc.",**宝探し**ってまだ続いてるのかなアカデミーは年齢制限なし！,2239300,,
話,はなし,40,95,3,"talk,speech,chat,conversation,topic,subject,discussions,negotiation,argument,rumor,talk,hearsay,tale,story,fable,circumstances,particulars",ゲート前で戦った団員だ話をしたくて来てもらった……**話**っていうのは？,1600900,,
話す,はなす,40,181,2,"to talk,to speak,to converse,to chat,to tell,to explain,to narrate,to mention,to describe,to discuss,to speak (a language)",……ちょっと**話したい**ことあるかもここじゃなんだしうるさくないとこ行こどどぞこれうちの部屋…。,1562350,,
何か,なにか,38,110,1,"something,some,any,somehow,for some reason,(so) what (are you trying to say)?,what (do you mean)?",マフィティフと同じでエリアゼロで**何か**に傷つけられたとか？,1188270,,
足りる,たりる,38,682,0,"to be sufficient,to be enough,to be worth doing,to be worthy of,to deserve,to do (the job),to serve,to answer",ＬＰが**足りない**ですね現金でも支払えますよは持ちきれないですよ大事に使ってくださいね必要なものほかございますか？,1404740,,
多い,おおい,38,330,"1,2","many,numerous,a lot,large amount of,large quantity of,a lot,much,frequent,common",自分の部屋より教室で勉強するほうがはかどるね夜だとゴーストタイプのポケモン**多くない**？,1407460,,
初めて,はじめて,37,254,2,"for the first time,only after ... is it ...,only when ... do you ...,not until ... do you ...,first time,(one's) first",未来から来てたってのはオレも**初めて**知った…。,1342550,,
考える,かんがえる,36,100,"4,3","to think (about, of),to think over,to ponder,to contemplate,to reflect (on),to meditate (on),to consider,to bear in mind,to allow for,to take into consideration,to think (that),to believe,to hold (a view),to judge,to conclude,to suspect,to intend (to do),to think of (doing),to plan,to predict,to anticipate,to expect,to imagine,to come up with,to think up,to contrive,to devise,to consider (as),to regard (as),to look on (as),to take,to view",少しの間手持ち**考える**時間ちょうだい！,1281020,,
父ちゃん,とうちゃん,35,9984,1,"dad,daddy,papa,pa,pop",なんかかわいそうだなボタちゃんの**父ちゃん**やーめーろー！,2519060,,
声,こえ,34,188,1,"voice,singing (of a bird),chirping (of an insect),hoot,voice,opinion (as expressed in words),view,wish,attitude,will,sound,sense (of something's arrival),feeling,voice,voiced sound",**声**はデカイしスキンシップヤバいしボタちゃんとか変な呼び方するし！,1380440,,
昔,むかし,34,292,0,"the old days,the past,former times,a long time ago,the past ten years,the past decade",**昔**母ちゃんに会おうとしてパルデアの大穴に来たとき…。,1382370,,
母ちゃん,かあちゃん,34,6170,1,"mum,mom,mummy,mommy,wifey,dear,missus",昔**母ちゃん**に会おうとしてパルデアの大穴に来たとき…。,2399270,,
１匹,いっぴき,33,8768,4,"one (small animal),two-tan bolt of cloth",ポケモンの性格人間と同じでポケモンにも**１匹**１匹に性格があります。,1166060,,
悪い,わるい,32,122,2,"bad,poor,undesirable,poor (quality),inferior,insufficient,evil,sinful,ugly,not beautiful,at fault,to blame,in the wrong,bad (at doing something),unprofitable,unbeneficial,sorry,(my) bad,unforgivable",あの子最近入ったんだけどかなり態度**悪い**んだよね…。,1151260,,
美術,びじゅつ,32,12834,1,"art,fine arts",**美術**担当のハッサクですよろしくお願いしますですよ……そもそも美術とは！,1486440,,
休む,やすむ,31,602,2,"to be absent,to take a day off,to rest,to have a break,to go to bed,to (lie down to) sleep,to turn in,to retire,to stop doing some ongoing activity for a time,to suspend business",だったらなおさら戻って少しでも**休む**の！,1227560,,
見せる,みせる,31,219,2,"to show,to display,to make (something or someone) look ...,to present an appearance of ...,to make (something) worth watching,to be entertaining,to have (something) looked at (by a specialist),to have (an antique, etc.) appraised,to have (an injury, person, etc.) looked at (by a doctor),to take (someone) to a doctor,to make a show of (doing),to do in a conspicuous manner,to do in view of others,to resolve to do,to do at any cost,to show others that one will ...",もう背中は**見せない**…。,1259210,,
秘伝,ひでん,31,18947,0,"secret (recipe, medicine, etc.),mysteries (e.g. of an art)",**秘伝**スパイスのときのアイツももともとはエリアゼロにいたのかもないいなー！,1484100,,
学,がく,30,6905,"0,1","learning,scholarship,study,erudition,knowledge,education,study of ...,-ology,-ics",バトル**学**教師として負けるわけにはいかない悪いが本気を出させてもらうよ！,1955900,,
大きな,おおきな,29,425,1,"big,large,great",……勝手に入るのはやめておこう**大きな**花瓶に大きな植物！,1412890,,
部屋,へや,29,276,2,"room,chamber,apartment,flat,pad,stable",自分の**部屋**より教室で勉強するほうがはかどるね夜だとゴーストタイプのポケモン多くない？,1499320,,
殿,どの,27,5067,0,"Mr.,Mrs.,Miss,Ms.",どうしてもあんたに会って直接話がしたいそうだシュウメイ**殿**聞いて！,1442500,,
約,やく,27,2709,1,"approximately,about,promise,appointment,engagement,shortening,reduction,simplification,contraction (in phonetics)",・**約**１０００年前・約２０００年前・約３０００年前４この学校は創立何年？,1538100,,
者,もの,26,310,2,person,・力・勇気・知恵５を欲する**者**はグレープを食べよ！,1322990,,
素晴らしい,すばらしい,26,2266,4,"wonderful,splendid,magnificent",ポケモンが嫉妬するほどの**素晴らしい**造形だ…。,1397300,,
入れる,いれる,26,228,0,"to put in,to let in,to take in,to bring in,to insert,to install (e.g. software),to set (a jewel, etc.),to ink in (e.g. tattoo),to admit,to accept,to employ,to hire,to accept,to comply,to grant,to adopt (a policy, etc.),to take (advice, etc.),to listen to,to pay attention to,to include,to pay (one's rent, etc.),to cast (a vote),to make (tea, coffee, etc.),to turn on (a switch, etc.),to send (a fax),to call",一般人が**入れない**パルデアの大穴にはどんなポケモンがいるんじゃろう？,1465610,,
本日,ほんじつ,26,1136,1,"today,this day",**本日**はどのようにしてお越しくださったんですか？,1523110,,
学生,がくせい,25,1924,0,student (esp. a university student),アオキさんも**学生**さんもどっちもがんばれー！,1206900,,
上,うえ,25,220,0,"above,over,up,top,summit,upper part,head (e.g. of a staircase),surface,on (top of),the above (in a piece of writing),earlier part,superior,better,higher (position, rank, etc.),upper (class),elder,older,senior,with respect to ...,in terms of,as far as ... is concerned,when (e.g. drunk),besides ...,in addition to ...,on top of ...,as well as ...,after ...,upon ...,on ...,with (e.g. full awareness),as a result of ...,since ...,now that ...,because ...,honorable,venerable,dear,emperor,sovereign,shogun,daimyo",……なんかビビってボールに戻ったえー心配だねもしかしてあの子いないと**上**に戻れん？,1352130,,
戦い,たたかい,24,1349,0,"battle,war,fight,conflict,fight (against time, poverty, etc.),struggle (for freedom, survival, etc.),war (e.g. on drugs),battle (e.g. against nature),contest,competition,match,game",チャンピオンネモ相手にここまでの**戦い**ぶり…。,1596950,,
疲れる,つかれる,24,691,3,"to get tired,to tire,to get fatigued,to become exhausted,to grow weary,to become worn out (of a well-used object),to starve",さんもさんも**疲れて**おいでですよあすみません興奮しちゃってついつい…。,1483740,,
報告,ほうこく,24,846,0,"report,information",キミが敵だと確信したのでわたしは**報告してきまーす**！,1515670,,
名,な,24,826,0,"name,given name,title,fame,renown,reputation,pretext,pretense,justification,appearance",自分謙虚やなぁ彼女の**名**はチリまいど！,1531330,,
皆さん,みなさん,23,600,2,"all,everyone,everybody",**皆さん**お疲れさまでしたどの試合もトレーナーとポケモンの絆が光る目の離せない勝負ばかり…。,1202170,,
学ぶ,まなぶ,23,1789,"0,2","to learn,to study,to take lessons in",学校の外で冒険しながら自由に**学べて**楽しいんだよ！,1206530,,
気になる,きになる,23,437,,"to weigh on one's mind,to bother one,to worry about,to be concerned about,to care about,to feel uneasy,to be anxious,to be interested (in),to be curious (about),to wonder (about),to catch one's eye,to feel like (doing),to feel inclined to,to bring oneself to (do)",アジトを見張ってたんだが急に騒がしくなったんでなこっちで何かあったのかと**気になって来た**んだが…。,1221690,,
貴方,あなた,23,5732,"2,1","you,dear,honey",この程度であせる**貴方**ではないでしょうに？,1223615,,
貴様,きさま,23,1627,0,"you,you bastard,you son of a bitch,you",最後はサービス問題だ**貴様**たちの点稼ぎポイントさぞかし楽勝だったろう？,1223620,,
災い,わざわい,23,8458,0,"disaster,calamity,misfortune,trouble,woes",ククッある意味宝探しだな**災い**の宝ではあるが気が向いたら調査してくれレホール先生から信頼を感じる！,1295080,,
小生,しょうせい,23,39809,1,"I,me,my humble self",**小生**は猛烈に感動じでいま゛ず！,1348390,,
正しい,ただしい,23,957,3,"right,correct,proper,righteous,just,honest,truthful,lawful",さすが**正しい**判断ですそのまま続けてくださいどうしました？,1376600,,
噂,うわさ,22,1498,0,"rumour,rumor,report,hearsay,gossip,common talk",宇宙人の科学兵器ではないかという**噂**もあるが真相は不明。,1172590,,
言語学,げんごがく,22,72453,3,linguistics,・ほめること・怒ること・甘やかすことほめること怒ること甘やかすこと５みんな大好き**言語学**！,1264430,,
氏,し,22,3799,1,"Mr,Mrs,Ms,Miss,clan,he,him,counter for people",**氏**さぁもうちょっとボクを立ててもいいんじゃない？,2101130,,
上がる,あがる,21,482,0,"to rise,to go up,to come up,to ascend,to be raised,to enter (esp. from outdoors),to come in,to go in,to enter (a school),to advance to the next grade,to get out (of water),to come ashore,to be washed ashore,to float atop the water,to surface from the sea (e.g. of a corpse),to rise to the surface,to increase,to be raised (e.g. of a salary),to rise,to improve,to make progress,to be promoted,to advance,to be made (of profit, etc.),to occur (esp. of a favourable result),to be adequate (to cover expenses, etc.),to be finished,to be done,to be over,to stop (of rain),to clear up (of weather),to stop (working properly),to cut out,to give out,to die,to win (in a card game, etc.),to be spoken loudly,to be raised loudly (of a voice),to get nervous,to get stage fright,to be offered (to the gods, etc.),to go,to visit,to eat,to drink,to serve (in one's master's home),to enter a red light district,to amuse oneself in a red light district,to visit a brothel,to arise vigorously (e.g. of voices in excitement),to become excited,to be in uproar (e.g. of a crowd),to be complete,to finish,adds the connotation of an action happening strongly or violently,above,north of",観客のボルテージが**上がる**ほどライトアップするシステムだ！,1352290,,
食う,くう,21,556,1,"to eat,to live,to make a living,to survive,to bite,to sting (as insects do),to tease,to torment,to taunt,to make light of,to make fun of,to encroach on,to eat into,to consume,to defeat a superior,to threaten a position,to consume time,to consume resources,to receive something (usu. an unfavourable event),to have sexual relations with a woman, esp. for the first time",ちょっとわからないわ宝食堂にはあっと驚くしかけがあるらしいぞいオラこんなうめえ料理**食った**のは初めてだ！,1592100,,
信じる,しんじる,21,295,"3,0","to believe,to believe in,to place trust in,to confide in,to have faith in",まったく関知できていなかった自分が恥ずかしいですフッスター団のみが至宝と**信じてきた**が…。,1359040,,
人間,にんげん,21,184,0,"human being,human,person,man,mankind,humankind,character (of a person)",ポケモンの性格**人間**と同じでポケモンにも１匹１匹に性格があります。,1366770,,
変,へん,21,324,1,"strange,odd,peculiar,weird,curious,eccentric,funny,suspicious,fishy,unexpected,change,incident,disturbance,disaster,accident,emergency,flat",声はデカイしスキンシップヤバいしボタちゃんとか**変な**呼び方するし！,1510640,,
解散,かいさん,20,3393,0,"breaking up (a meeting, gathering, etc.),dispersal (e.g. of a crowd),dissolution (of a company, organization, etc.),winding-up,disbandment,split-up,dissolution (of the Diet, Parliament, etc.)",,1199000,,
回,かい,20,1357,1,"counter for occurrences,a time,an instance,inning (baseball),round,game,episode,chapter,instalment,Hui (people),Islam",今エントリーしてる人数的に多分４**回**くらい勝てば優勝かな！,1199330,,
楽しみ,たのしみ,20,909,"3,4,0","enjoyment,pleasure,amusement,delight,joy,fun,diversion,hobby,anticipation,looking forward to,something to look forward to",わたしが一番**楽しみ**なんだよ舞台は整った！,1207250,,
機械,きかい,20,2673,2,"machine,mechanism,instrument,appliance,apparatus",あれはポケモンってよりもっと鉄っぽい**機械みてえ**な…。,1220810,,
形,かたち,20,692,2,"(physical) form,shape,figure,visage,(facial) features,appearance (of a person),figure,looks,form (as opposed to substance),manner (of action),style,(outward) appearance,(resultant) state,situation,condition,form,behaviour (towards others),attitude,demeanor,manners,shape (positional qualities of a group of stones)",太陽のような花の**形**をしていていつも微笑んでいる姿が特徴的。,1250220,,
始まる,はじまる,20,446,0,"to begin,to start,to commence,to happen (again),to begin (anew),to date (from),to originate (in)",けっこー話題の人だよあそうだ宝探しってやつ**始まった**んでしょー？,1307500,,
止める,とめる,20,392,3,"to stop,to turn off,to park,to prevent,to suppress (a cough),to hold back (tears),to hold (one's breath),to relieve (pain),to stop (someone from doing something),to dissuade,to forbid,to prohibit,to notice,to be aware of,to concentrate on,to pay attention to,to remember,to bear in mind,to fix (in place),to fasten,to tack,to pin,to nail,to button,to staple,to detain,to keep in custody",,1310670,,
雪山,ゆきやま,20,23784,0,"snowy mountain,permanently snow-covered mountain,pile of snow",くわしいルールは当ジムを出て左手の坂をのぼった先**雪山**すべり開始地点で説明しますねようこそナッペ山ジムへ！,1842240,,
店,みせ,20,644,0,"store,shop,establishment,restaurant",この**店**でいろいろ見れるわよ果物にお野菜にライスまでそろってる！？,1582120,,
倍,ばい,20,2196,"0,1","double,twice (as much),times (as much),-fold,1-nth,1 to n,1 in n",１５０だとタイプ一致の１．５**倍**しかかけ算されてないみたいんー惜しい！,1473230,,
本当に,ほんとうに,20,248,"5,0","really,truly",よかった**本当に**心配した…。！,1611580,,
優しい,やさしい,20,464,"0,3","tender,kind,gentle,graceful,affectionate,amiable",いつもおおらかで**優しい**けどジムリーダーのときはかっこいいの！,1539040,,
２倍,にばい,19,12882,0,"double,twice (as much),twofold",２００だと弱点の**２倍**しかかけ算されてないみたい頭の中で計算さすがね！,1462920,,
家,いえ,19,195,2,"house,residence,dwelling,home,family,household,lineage,family name",……ひとの**家**の冷蔵庫を勝手に開けるのはやめておこう！,1191730,,
教師,きょうし,19,2698,1,"teacher,instructor",バトル学**教師**として負けるわけにはいかない悪いが本気を出させてもらうよ！,1237130,,
広場,ひろば,19,5805,1,"public square,square,plaza,piazza,forum,open space,clearing",そういうわけでテーブルシティ中央**広場**！,1278590,,
手,て,19,160,1,"hand,arm,forepaw,foreleg,handle,hand,worker,help,trouble,care,effort,means,way,trick,move,technique,workmanship,hand,handwriting,kind,type,sort,one's hands,one's possession,ability to cope,hand (of cards),direction,move (in go, shogi, etc.)",お前さんにゃ恩義はあるがどっこい**手**は抜かんからな！,1327190,,
体,からだ,19,317,1,"body,torso,trunk,build,physique,frame,figure,health,constitution",もポケモンも**体**温まって準備万端だ！,1409140,,
掟,おきて,19,11316,0,"law,regulation,rule,code,agreement,arrangement,compact,legislation",まずスター大作戦のことあとは団の**掟**だね最近仲間増えてるじゃん？,1567460,,
４つ,よっつ,18,6217,"3,0","four,4,four years of age,ten o'clock (in the old time system),burakumin,cross grips",・２つ・３つ・**４つ**４パルデア十景で１００万ボルトの夜景と呼ばれている町の名前は？,1307040,,
ＡＩ,エーアイ,18,16022,3,"artificial intelligence,AI",,2222190,,
お金,おかね,18,687,0,money,世の中なんでも**お金**でことが運ぶわけではないんだ！,1001820,,
この前,このまえ,18,1117,3,"the other day,previously,before,earlier,recently,last time,last (Sunday, summer, etc.),previous (e.g. mayor, chapter),preceding",…………本当は戦りたいけどのポケモン**この前**より強くなってる…。！,2216900,,
押忍,おっす,18,35398,1,"hi!,yo!,hey man!,hey dude!,yessir!,understood!",１００点目指して**押忍**押忍だ！,1180540,,
楽しむ,たのしむ,18,631,3,"to enjoy,to take pleasure in,to have a good time,to have fun,to amuse oneself,to look forward to",ハッコウシティ**楽しんでる**？,1207270,,
競り,せり,18,53237,2,"competing,competition,auction",カラフシティに戻るのはさすがにそらとぶタクシー使っちゃおうかな**競り**で大金はたいちまった潮風が目にしみるぜ！,2599900,,
芸術,げいじゅつ,18,6777,"0,1","art,the arts",『**芸術**のより道』という雑誌がある読んでみようか？,1253060,,
見える,みえる,18,144,2,"to be seen,to be visible,to be in sight,to look,to seem,to appear,to come",カーテンの隙間からビーチが**見える**！,1259140,,
今まで,いままで,18,383,3,"until now,till now,up to now,up to the present,so far",**今まで**英雄だと思われていた存在に一石を投じる事実が判明したのです！,1587590,,
寝る,ねる,18,323,0,"to sleep (lying down),to go to bed,to lie in bed,to lie down,to sleep (with someone, i.e. have intercourse),to lie flat (e.g. of hair),to lie idle (of funds, stock, etc.),to ferment (of soy sauce, miso, etc.)",昨日オールでゲームしてたしアジトのヤツら絶対**寝てる**…。,1360010,,
顔,かお,17,119,0,"face,visage,looks,(facial) features,look,(facial) expression,countenance,honor (honour),face,dignity,influence,notoriety,trust,pull,clout,representative,(the) face (of something),trademark,example,members,attendees,lineup,participants,everyone involved,makeup,cosmetics",カラフジムのジムテストはとてもむずかしいのよハイダイさんはこの町の**顔**ね！,1217730,,
景,けい,17,26633,1,"vista,view,scene,scenic view,counter for scenes (in a play)",・２つ・３つ・４つ４パルデア十**景**で１００万ボルトの夜景と呼ばれている町の名前は？,2664230,,
残り,のこり,17,1211,3,"remainder,remnant,the rest,what is left,balance,leftovers",なら絶対チャンピオンランクになる**残り**のジムも絶対ぜたい大丈夫だから！,1304480,,
次回,じかい,17,4030,"1,0",next time (occasion),ぜひ仲間と息を合わせてテラスタルシールドを打ち破ってくれ**次回**は中間テストをおこなうぞ！,1316470,,
十,じゅう,17,2497,"1,0","ten,10,ten years of age,book containing a collection of poems",・２つ・３つ・４つ４パルデア**十**景で１００万ボルトの夜景と呼ばれている町の名前は？,1579840,,
誰か,だれか,17,224,1,"someone,somebody",あーあまた**誰か**来ちゃったよスター団の新人ってこんなにめんどいんだ…。,1416840,,
伝える,つたえる,17,395,"0,3","to convey,to report,to transmit,to communicate,to tell,to impart,to propagate,to teach,to bequeath",今までわたしがお**伝え**した情報でさんは冒険に必要な知識をすべてご存知になっています！,1441870,,
動く,うごく,17,263,2,"to move,to stir,to shift,to shake,to swing,to operate,to run,to go,to work,to make a move,to take action,to act,to go into action,to be touched,to be influenced,to change,to vary,to fluctuate,to waver,to be transferred",あの車モドキ全然**動かなかった**なスターモービルね！,1451210,,
美しい,うつくしい,17,941,4,"beautiful,pretty,lovely,sweet,pure (heart, friendship, etc.)",,1486360,,
物体,ぶったい,17,5969,0,"object,body,solid",奇書バイオレットブックに書かれた謎の**物体**が名前の由来である。,1502680,,
夜,よる,17,376,1,"night,evening,dinner",自分の部屋より教室で勉強するほうがはかどるね**夜**だとゴーストタイプのポケモン多くない？,1536350,,
お店,おみせ,16,1245,0,"store,shop,establishment,restaurant",先代から引き継いだ**お店**を切り盛りするのは店長のカエデさん！,2842661,,
雑誌,ざっし,16,3109,0,"magazine,journal,periodical",『月刊オーカルチャー』という**雑誌**の１０月号がある読んでみようか？,1299400,,
先ほど,さきほど,16,1380,0,"a short while ago,a moment ago,just now,some time ago",いえきっと彼女は確信しているのでしょうね**先ほど**のジムまでお送りいたしますねどおもどおも！,1388170,,
欲しい,ほしい,16,352,2,"wanting (to have),desiring,wishing for,I want (you, them, etc.) to (do)",,1547330,,
落ちる,おちる,16,419,2,"to fall,to drop,to come down,to crash,to collapse,to cave in,to give way,to set (of the sun or moon),to sink,to dip,to go down,to decrease (of popularity, quality, speed, sales, etc.),to fall,to drop,to go down,to decline,to deteriorate,to abate (of wind),to be inferior (to),to be not as good (as),to fall short (of),to come off (of dirt, paint, makeup, etc.),to come out (of a stain),to fade (of colour),to be removed (of an illness, possessing spirit, etc.),to disappear (of excess fat),to become thinner,to become leaner,to be left out,to be omitted,to be missing,to fail (an exam),to lose (a contest, election, etc.),to be unsuccessful,to decline (of morals, character, etc.),to become vulgar (e.g. of a conversation),to stoop (to),to sink (so low),to be ruined,to go under,to fall (into hell),to fall (in love, asleep, etc.),to fall (into someone's hands),to be accepted (of a bid),to be won (of a tender),to be honoured (of a bill),to fall into (a trap),to fall for (a trick),to give in,to confess,to own up,to come to (a conclusion, topic, etc.),to arrive at (in the end),to leave (a city, castle, etc.),to (be defeated and) flee,to sink in,to be accepted (in one's heart),to fall (to the enemy),to be defeated,to come in (of money),to fall (upon; of light, a shadow, one's gaze, etc.),to pass out (in judo),to fall unconscious,to go down (of a website, server, etc.),to crash,to log out (of an online game, chat room, etc.),to drop out,to leave,to go offline,to move to deeper water (of a fish in cold weather),to die (of an animal)",水場学校の先生**落ちている**もの先ほどいったように水場があれど食材がないので料理はできぬ設定なのだ…。,1548550,,
会場,かいじょう,15,2843,0,"assembly hall,meeting place,venue,site,grounds",くわしいルールは**会場**にいるスタッフまでおたずねくださいねオリーブころがし会場は町の北のほうにありますよ！,1198660,,
高める,たかめる,15,4199,3,"to raise,to lift,to boost,to enhance",タイプの威力をもっと**高める**んだ！,1283240,,
作品,さくひん,15,1902,0,"work (e.g. book, film, painting, composition),piece,production,opus",個性あふれる生徒たちの**作品**がいっぱいかざられている！,1297910,,
子供,こども,15,498,0,"child,children",『オラチフ』と**子供**の字で書かれてる！,1307850,,
市場,しじょう,15,7980,1,"market (financial, stock, domestic, etc.),marketplace,exchange,(street) market",お次はマリナードタウンの**市場**で爆買いよ！,1308305,,
色,いろ,15,888,2,"colour,color,hue,tint,tinge,shade,complexion,skin colour,skin color,look (on one's face),expression,appearance,air,feeling,personality,character,tone (of one's voice, etc.),tune,sound,ring,love,lust,sensuality,love affair,lover,paramour,beauty,sexiness,physical appeal,kind,type,variety",フラベベはいろんな**色**がいるけどわたしは赤いフラベベが好き！,1357600,,
長い,ながい,15,389,2,"long (distance, length),long (time),protracted,prolonged",……ハッサクさんの説教**長い**んですよね四天王ハッサクに挑みますか？,1429750,,
渡す,わたす,15,486,0,"to ferry across (e.g. a river),to carry across,to traverse,to lay across,to build across,to hand over,to hand in,to pass,to give,to transfer",最後大騒ぎだったからクラベル先生**渡し**そびれちゃったって！,1444610,,
当たる,あたる,15,649,0,"to be hit,to strike,to touch,to be in contact,to be affixed,to be equivalent to,to be applicable,to apply to,to be right on the money (of a prediction, criticism, etc.),to be selected (in a lottery, etc.),to win,to be successful,to go well,to be a hit,to face,to confront,to lie (in the direction of),to undertake,to be assigned,to be stricken (by food poisoning, heat, etc.),to be afflicted,to be called on (e.g. by a teacher),to treat (esp. harshly),to lash out at,to be unnecessary,to be hitting well,to be on a hitting streak,to feel a bite (in fishing),(of fruit, etc.) to be bruised,to spoil,to feel (something) out,to probe into,to check (i.e. by comparison),to shave,to be a relative of a person,to be a ... in relation to ...,to stand in a relationship",・９個・１０個・１１個４通常ポケモンの技が急所に**当たる**確率は？,1448810,,
彼女,かのじょ,15,260,1,"she,her,girlfriend",自分謙虚やなぁ**彼女**の名はチリまいど！,1483150,,
怖い,こわい,15,264,2,"scary,frightening,eerie,dreadful",高いところだから**怖かった**んじゃなかったっけ？,1593480,,
方,ほう,15,163,1,"direction,way,side,area (in a particular direction),side (of an argument, etc.),one's part,type,category,field (of study, etc.),indicates one side of a comparison,way,method,manner,means,length (of each side of a square)",それでは最後に一番大事な質問です貴方が一番好きなジムリーダーはどの**方**ですか？,1516930,,
用,よう,15,519,1,"business,task,errand,engagement,use,purpose,for the use of ...,used for ...,made for ...,call of nature,excretion",……**用**は済んだろひとりにさせろよスター団のメロコ会ってほしいポケモンがいる……なんだテメーボウ！,1546200,,
２つ,ふたつ,14,1652,"0,3",two,**２つ**のヨロイから１つをえらんでへんしんしてゲンガーをやっつけて！,1461160,,
あの子,あのこ,14,590,2,"that child,that kid,that boy,that girl,that young lady,you",**あの子**最近入ったんだけどかなり態度悪いんだよね…。,2707760,,
もう一度,もういちど,14,548,,"once more,again",とりあえず**もう一度**ジム行って新しいポケモン鍛えよっかな！,2005860,,
絵,え,14,1686,1,"picture,drawing,painting,sketch,image (TV, film, etc.),picture,footage",タイトル『ストレッチする女』……えもいわれぬ**絵**だ！,1202270,,
奇書,きしょ,14,113291,"1,2",unusual book,**奇書**バイオレットブックに書かれた謎の物体が名前の由来である。,1777980,,
呼ばれる,よばれる,14,1949,0,"to be called out,to be called (a name),to be referred to as,to be invited (to),to be summoned,to be called,to be sent for,to be treated to (a meal, drink, etc.)",絶対零度トリックと**呼ばれる**あの選手がフリッジタウン大会でも見事優勝！,1631030,,
最深部,さいしんぶ,14,21549,,"deepest part,deepest portion,depths (of the ocean etc.),innermost",これから**最深部**ワタシの待つゼロラボを目指してもらうわけだが…。,2632170,,
仕事,しごと,14,207,0,"work,job,labor,labour,business,task,assignment,occupation,employment,work",世の中にはいろんな**仕事**があるんだなあ！,1304970,,
続く,つづく,14,431,0,"to continue,to last,to go on,to continue (without a break),to be unbroken,to occur again and again,to lead to,to connect to,to adjoin,to come after,to follow,to succeed,to rank next to,to hold out,to keep,to last",このまま不登校が**続けば**シュウメイ殿は退学処分なんでしょ…。？,1405790,,
髪型,かみがた,14,6741,0,"hair style,coiffure,hairdo",イカした**髪型**の飛び入りゲスト？,1954390,,
分,ぶん,14,520,1,"part,portion,share,amount,worth (as in ""two days' worth""),enough (for),one's means,one's place,one's lot,one's social position,one's duty,one's part,condition,state (of affairs),extent,rate (as in ""at this rate""),in proportion to,just as much as,to the same degree,content (e.g. alcohol),percentage,equivalent to (e.g. an old brother)",でも強さ１０倍で１０匹**分**ですキョジオーンさんもう少しかくばってくださいないいわー！,1502860,,
聞こえる,きこえる,14,346,0,"to be heard,to be audible,to reach one's ears,to sound (like),to come across (as),to be well known,to be famous,to accept (someone's words),to agree,to understand",,1591150,,
未確認,みかくにん,14,26350,2,"unconfirmed,unidentified",パルデア**未確認**ファイル１０太古の文明が生んだロボット！？,2080310,,
夢,ゆめ,14,334,2,"dream,dream,hope,wish,aspiration,ambition,unrealistic aspiration,daydream,pipe dream,delusion,illusion,fleeting thing,something short-lived",時ハ満ちタ**夢**ノ礎トナリタまエ僕ノ楽園ハ壊セなイ殲滅準備ヲ開始スル…。,1529410,,
３つ,みっつ,13,2760,"3,0","three,three years of age",～シティと呼ばれる町はパルデア地方に**３つ**ある！,1299740,,
お礼,おれい,13,973,0,"thanks,gratitude,manners,etiquette,bow,reward,gift,ceremony,ritual",ちょっと強いの出しすぎちゃったいやー実りあったいい勝負だったね勝負の**お礼**にこれ受けとって！,1270810,,
医務室,いむしつ,13,19782,2,"doctor's office,medical office,sickbay",**医務室**で感性診てもらいなよさっきのアレってさ…。,1160090,,
家族,かぞく,13,537,1,family,つくづくさ変な**家族**だよなーやそんなん…。,1192150,,
気,き,13,245,0,"spirit,mind,heart,nature,disposition,intention,mind,will,motivation,mood,feelings,consciousness,care,attention,consideration,worry,interest,(the) air,atmosphere,ambience,atmosphere (of),air (of),mood,fragrance,aroma,flavour,taste,qi (in traditional Chinese philosophy and medicine),chi,ki",足もと**気**ィつけやちぃと揺れるからなあ！,1221520,,
見つかる,みつかる,13,480,0,"to be found,to be discovered",,1604550,,
才能,さいのう,13,1693,0,"talent,ability",ラッキー飛びこえて**才能**だよ！,1294630,,
使える,つかえる,13,730,0,"to be usable,to be serviceable,to be useful",テラスタルするとしばらく**使えない**からポケモンセンターでチャージしてね！,1607180,,
似る,にる,13,495,0,"to resemble,to look like,to be like,to be alike,to be similar,to take after",メロコも**似た**ようなもんでしょ…。,1314600,,
小さい,ちいさい,13,619,3,"small,little,tiny,slight,below average (in degree, amount, etc.),minor,small,low (e.g. sound),soft (e.g. voice),unimportant,petty,insignificant,trifling,trivial,young,juvenile",大きかったり**小さかったり**でほめてくれる人がこの町にいるみたいよピカチュウのうなじかわいいー！,1347750,,
段階,だんかい,13,2586,0,"stage,step,phase,level,rank,grade,gradation,order,stairs",,1419950,,
答える,こたえる,13,587,"3,2","to answer,to reply",体の部位が**答え**なのですがナッペ山にある三又の崖その名前はナッペの…。？,1449540,,
彼,かれ,13,304,1,"he,him,boyfriend",**彼**が表彰台から放った言葉にライバルたちもやる気がみなぎる！,1483070,,
毎日,まいにち,13,563,"1,0","every day,daily",**毎日**が楽しいよみんないきいきしてる学校行ってみたよ授業受けてきたんだＳＴＣサイコー！,1524720,,
落札,らくさつ,13,37602,0,"successful bid,winning a tender",そちらのお坊ちゃんが**落札しました**！,1548750,,
祠,ほこら,13,28468,0,"hokora,small wayside shrine",はせまい**祠**に閉じこめられているポケモンを外に出してあげたくはないか？,1581260,,
ＰＰ,ピーピー,12,64376,1,"producer's price,PP,polypropylene,PP",ポケモンは戦うことができなくなるそれでは**ＰＰ**がなくなるとポケモンはどうなってしまうのだ？,2827729,,
お疲れ,おつかれ,12,1810,0,"thanks (for coming, helping, etc.),glad you could make it,tiredness,fatigue",お待ちくださいさんのポケモンは少し**お疲れ**のようですよごめーん！,2827267,,
以内,いない,12,3444,1,"within,inside of,less than",分**以内**にオレたちのポケモン匹倒せたらボスがお会いになってくれるかもな！,1155180,,
花,はな,12,1050,2,"flower,blossom,bloom,petal,cherry blossom,beauty,blooming (esp. of cherry blossoms),ikebana,hanafuda,(the) best,glorious,lovely",太陽のような**花**の形をしていていつも微笑んでいる姿が特徴的。,1194500,,
間,あいだ,12,308,0,"space (between),gap,interval,distance,stretch,period of time (during, while),duration,interval,between (two parties or things),among (a group),relations (between),relationship,midpoint,average,halfway,middle ground,due to,because of",がリーグに挑んでる**間**ポケモンの技の組み合わせ全パターン見なおさないと！,1215230,,
計算,けいさん,12,2368,0,"calculation,computation,reckoning,counting,adding up,working out,figures,consideration,calculation,estimation,expectation",２００だと弱点の２倍しかかけ算されてないみたい頭の中で**計算**さすがね！,1252140,,
国,くに,12,868,0,"country,state,region,national government,central government,home (i.e. hometown, home country),province (of Japan),land,earth",ぶっちゃけその**国**の言葉はこんにちはおいしいありがとう３つ言えればなんとかなるし！,1592250,,
子供たち,こどもたち,12,2929,3,"children,kids",ハロー**子供たち**ようわ博士かビックリしたすまないここってなんで壊れてんですかー！？,1307870,,
視察,しさつ,12,10165,0,"inspection,observation",トップから頼まれてうちの**視察**に来たって！？,1312040,,
試験,しけん,12,3327,2,"examination,exam,test,trial,experiment,test",気持ち切り替えて次の**試験**や二次試験は四天王とのポケモン勝負…。,1312350,,
集まる,あつまる,12,699,3,"to gather,to collect,to assemble",,1333550,,
送る,おくる,12,372,0,"to send,to dispatch,to forward,to transmit,to ship,to remit,to see (someone) off,to escort,to accompany,to take,to bid farewell to (the departed),to say goodbye to,to bury,to spend (time),to pass,to lead (a life),to live,to pass (on, along),to advance (a runner),to affix (okurigana)",,1402730,,
誰も,だれも,12,332,"0,1","everyone,anyone,no one,nobody",ポケモントレーナーなら**誰も**があこがれる人なんだー！,1416860,,
当,とう,12,5844,1,"this,our,the ... in question,the said ...,right,justice,fairness,checking account",殿堂バッジ記録**当**アカデミーでは素晴らしい功績をあげた生徒に殿堂バッジを贈呈しています。,2081170,,
動画,どうが,12,4051,0,"video (esp. digital),video clip,clip,animation,animated cartoon,in-betweens (animation)",いくつかの言葉を合体させたおはこんハロチャオって挨拶する**動画**配信者もいるんだって！,1451290,,
得る,える,12,884,1,"to get,to earn,to acquire,to procure,to gain,to secure,to attain,to obtain,to win,to understand,to comprehend,to receive something undesirable (e.g. a punishment),to get (ill),to be able to ..., can ...",そちらはニトロチャージから着想を**得た**でござる…。,1588760,,
買いもの,かいもの,12,46724,0,"shopping,purchased goods",今日はわたしが大好きなお**買いもの**をテーマに数字をお勉強していきましょう！,1589730,,
不正解,ふせいかい,12,19112,,"incorrect answer,wrong solution,incorrect interpretation",なかなかどうして小賢しい授業をしっかり聞いているようだ……**不正解**！,2563650,,
味,あじ,12,1013,0,"flavor,flavour,taste,charm,appeal,uniqueness,attractiveness,experience,taste (e.g. of victory),smart,clever,witty,strange,aji,position that has some lingering potential that may be exploited later in the game",お店で手作りプロの**味**！,1526960,,
８つ,やっつ,11,26384,"2,1","eight,eight years of age,two o'clock (old time system)",ジムバッジを**８つ**集めたらぜひポケモンリーグの扉を叩いてください。,1583095,,
引退,いんたい,11,4913,0,retirement,,1169610,,
開ける,あける,11,435,0,"to open (a door, etc.),to unwrap (e.g. parcel, package),to unlock,to open (for business, etc.),to empty,to remove,to make space,to make room,to move out,to clear out,to be away from (e.g. one's house),to leave (temporarily),to dawn,to grow light,to end (of a period, season),to begin (of the New Year),to leave (one's schedule) open,to make time (for),to make (a hole),to open up (a hole)",……ひとの家の冷蔵庫を勝手に**開ける**のはやめておこう！,1202450,,
完成,かんせい,11,1416,0,"completion,perfection,accomplishment",わたしの質問に図鑑の**完成**を目指すって言ってくれたよね！,1211490,,
感じ,かんじ,11,356,0,"feeling,sense,impression",……言うと思ったたまに不謹慎なとこあるネモの親ってさどんな**感じ**？,1212250,,
気づく,きづく,11,869,2,"to notice,to realize,to realise,to become aware (of),to perceive,to sense,to suspect,to regain consciousness,to come to (one's senses),to come round",そんな折ハッさんと出会い小さな自分に**気づかされたり**まあいろいろふっきれたのだ！,1591330,,
記憶,きおく,11,856,0,"memory,recollection,remembrance,memory,storage",……あなたの**記憶**をたよりにスマホカバーを作ってあげましょうわっせわっせ！,1223150,,
筋肉,きんにく,11,3383,1,muscle,**筋肉**たくましいかくとうタイプだな！,1241810,,
緊張,きんちょう,11,1042,0,"tension,strain,nervousness,stress,tensions (between countries, groups, etc.),tonus,muscle tone",テスト本番よりテスト結果を聞くときのほうが**緊張する**…。,1241880,,
今から,いまから,11,1107,,"from now,from this moment,henceforth",そのときの気持ちになって**今から**イメージトレーニング！,2663180,,
諸君,しょくん,11,4866,1,"you (people),gentlemen,ladies and gentlemen,my friends,everyone",**諸君**らが服装以外でよくアレンジしているかわいいアレはいったいどうやるのかね？,1344230,,
信頼,しんらい,11,1696,0,"trust (in),confidence,faith,reliance",あんたたちがそこまで**信頼してる**マジボスってのは一体誰なんだ？,1359730,,
心,こころ,11,277,"2,3","mind,heart,spirit,the meaning of a phrase (riddle, etc.)",坂道が思ってたよりキツくてへとへとこんなときは食事して**心**も体もリフレッシュ！,1360480,,
深い,ふかい,11,698,2,"deep,profound,dense,thick,close (relationship),intense,strong,late",上に行きたければ昇降機の前で待っとればええぞいここから先は**深く**なってるよ！,1362640,,
人生,じんせい,11,585,1,(one's) life,**人生**になくていいものですがあったほうがより楽しいもの！,1368370,,
多く,おおく,11,1188,1,"many,much,plenty,a lot,majority (of),greater part (of),mostly,mainly,chiefly,usually,often",正体に関しては**多く**の説があるが超古代文明の産物という説が有力。,1861770,,
体験,たいけん,11,2523,0,"(practical) experience,personal experience,hands-on experience,first-hand experience",誰でもいいんだけどさオレが負けるとかないしフェアリータイプのかわいくないとこじっくり**体験していけば**いいんだ！,1409420,,
同士,どうし,11,1215,1,"fellow,mutual,companion,comrade",もうライバル**同士**だもん心置きなく勝負できる！,1452400,,
入札,にゅうさつ,11,38186,0,"bid,tender,bidding",自分の持ち金と相談してより高い値段を**入札した**者が商品を買うことができるんだい！,1466180,,
発見,はっけん,11,1157,0,"discovery,detection,finding",だが過去にウルガモスの化石が**発見された**記録は存在していない。,1477310,,
補給,ほきゅう,11,7770,0,"supply,supplying,replenishment",運動して３０分以内に栄養を**補給する**と筋肉がつきやすいぞ！,1514510,,
命中,めいちゅう,11,9087,0,"(direct) hit,hitting the mark",**命中**で話題にあがるのはなみのりとハイドロポンプかしら？,1532090,,
優秀,ゆうしゅう,11,1729,0,"superior,excellent,brilliant,outstanding",ネモさんは生徒会長でチャンピオンで成績**優秀**！,1539230,,
優勝,ゆうしょう,11,4299,0,"overall victory,championship,winning the title,(being in) heaven,bliss,perfect contentment",絶対零度トリックと呼ばれるあの選手がフリッジタウン大会でも見事**優勝**！,1539280,,
誘う,さそう,11,835,3,"to invite,to ask (someone to do),to call (for),to take (someone) along,to tempt,to lure,to entice,to seduce,to induce (tears, laughter, sleepiness, etc.),to arouse (e.g. sympathy),to provoke",みんなで団を作ろうって**誘ってくれた**マジボスって人そのマジボスは今どこに？,1541900,,
遊ぶ,あそぶ,11,543,0,"to play (games, sports),to enjoy oneself,to have a good time,to mess about (with alcohol, gambling, philandery, etc.),to be idle,to do nothing,to be unused,to meet up (with friends),to hang out,to give oneself up (to gambling, drinking, etc.),to go to (for pleasure or for study),to tease (someone),to play (with),to intentionally throw a ball to lower the batter's concentration",,1542160,,
竜,りゅう,11,6168,0,"dragon (esp. a Chinese dragon),naga,semi-divine human-cobra chimera in Hindu and Buddhist mythology,promoted rook",実技テスト最後の砦を守る**竜**ハッサク猛然たる勝負の息吹を身をもって教えてあげましょう！,1629170,,
１つ,ひとつ,10,1121,2,"one,for one thing,only,(not) even,just (e.g. ""just try it""),some kind of,one type of",２つのヨロイから**１つ**をえらんでへんしんしてゲンガーをやっつけて！,1160820,,
４人,よにん,10,2764,"4,0",four people,・３人・**４人**・８人３人４人８人４相手のテラスタルシールドを破るのに有効な行動は？,1985310,,
ＯＫ,オーケー,10,2900,"1,2,3","OK,okay,fine (without),not needed,unnecessary,all right",スター団にケンカ売るなんてキミってマジ命知らずだよさわりは**ＯＫ**！,1031600,,
お菓子,おかし,10,2549,2,"confections,sweets,candy,cake",茶色でゴツゴツした見た目でまるでいわのような**お菓子**です。,1001710,,
ご存知,ごぞんじ,10,8053,2,"knowing,being aware (of),(an) acquaintance",リボンやあかしがついているポケモンにできることを**ご存知**ですか？,1593570,,
やる気,やるき,10,1734,0,"will (to do something),drive,motivation,enthusiasm,eagerness",彼が表彰台から放った言葉にライバルたちも**やる気**がみなぎる！,2005890,,
下,した,10,442,"1,0","below,down,under,younger (e.g. daughter),bottom,beneath,underneath,just after,right after,inferiority,one's inferior (i.e. one's junior),trade-in,preliminary,preparatory",**下**に着いたら連絡する無事を祈っているよ……強引なヤツエリアゼロのポケモン楽しみ！,1184140,,
壊れる,こわれる,10,1219,3,"to be broken,to break,to fall apart,to collapse,to be destroyed,to be damaged,to break (down),to stop working,to fall through (of a plan, deal, etc.),to collapse,to break down (of a relationship, negotiations, etc.),to be broken off,to be ruined (of an atmosphere, one's image, etc.)",ところがダイオウドウが暴れてしまいなんと壁画が**壊れてしまった**んです！,1199900,,
楽園,らくえん,10,9563,0,"paradise,Eden",時ハ満ちタ夢ノ礎トナリタまエ僕ノ**楽園**ハ壊セなイ殲滅準備ヲ開始スル…。,1207290,,
活躍,かつやく,10,2398,0,"activity (esp. energetic or successful),great efforts,active participation,walking about with great vigor",ピリッとホットに**活躍してくれ**！,1208450,,
興味深い,きょうみぶかい,10,3957,5,"very interesting,of great interest",**興味深イ**未来ノポケモンソノ弱点ヲ理解シテイルノカ？,1238420,,
現れる,あらわれる,10,671,4,"to appear,to come in sight,to become visible,to come out,to embody,to materialize,to materialise,to be expressed (e.g. emotions),to become apparent (e.g. trends, effects)",,1263510,,
光る,ひかる,10,2062,2,"to shine,to glitter,to be bright",**光って**テラスタルオーブ！,1272820,,
合格者,ごうかくしゃ,10,32946,"4,3","successful candidate,successful applicant,person who has passed an exam",ここではジム**合格者**も引き続き喜怒驚楽エクササイズを楽しめるぞ！,1284620,,
財宝,ざいほう,10,17897,0,treasure,興味深い答えだが本当にあったらオーパーツものだ正解は**財宝**だよそう！,1296990,,
坂,さか,10,7323,"2,1","slope,incline,hill,milestone,(age) mark",町の中は**坂**とか階段多いからひと休みして追いかけるね！,1297110,,
若い,わかい,10,574,2,"young,youthful,immature,green,low (number),small",,1324300,,
授業を受ける,じゅぎょうをうける,10,12395,,to take a class,さん校長室にようこそたまには学校に戻って**授業を受ける**のもいいですよね授業といえば…。,1330300,,
助かる,たすかる,10,533,3,"to be saved,to be rescued,to survive,to escape harm,to be spared damage,to be helped,to be saved trouble",ちょっと何言ってるかわかんないけど**助かる**ぜ！,1344380,,
状況,じょうきょう,10,551,0,"state of affairs,situation,conditions,circumstances",今はとにかくこの**状況**を解決しないと！,1356700,,
親愛,しんあい,10,12962,0,"deep affection,dear,beloved",**親愛**なるオヌシたち！,1365090,,
正直,しょうじき,10,624,"3,4","honest,frank,candid,straightforward,honestly,frankly",**正直**すぎてちょっとビックリ指名手配中のヤツほど違うって言うからね…。！,1377590,,
生きる,いきる,10,216,2,"to live,to exist,to make a living,to subsist,to be in effect,to be in use,to function,to come to life,to be enlivened,to be safe (in baseball, go, etc.)",,1378520,,
全員,ぜんいん,10,591,0,"all members,all hands,everyone,everybody,whole crew",来たねチャンピオン同士のポケモン勝負噂を聞きつけてみんなも集まってきたみたいここにいる**全員**！,1394840,,
体,たい,10,1681,1,"body,physique,posture,shape,form,style,substance,identity,reality,field,counter for humanoid forms (e.g. dolls, statues, corpses, etc.),typeface,type",大きなパイプがひしゃげた状態で横たわっている結晶**体**がユニットを浸食している…。？,1409150,,
隊,たい,10,4433,1,"party,group,crew,team,body,company (of troops),corps,unit,squad",エリアゼロ冒険団エリアゼロ観測**隊**エリアゼロ調査隊……不正解！,1956610,,
代わり,かわり,10,820,0,"substitute,replacement,substituting,replacing,stand-in,proxy,alternate,deputy,relief,successor,compensation,exchange,return,another helping,second helping,seconds,refill,upcoming program,upcoming programme",ちょっと手続きが必要だから**代わり**にやってくるね！,1590770,,
大,だい,10,795,1,"large,big,great,huge,vast,major,important,serious,severe,great,prominent,eminent,distinguished,-sized,as big as,the size of,university,large (e.g. serving size),large option,long month (i.e. having 31 days)",難易度の高すぎる**大**探索は大穴のその神秘性を高めるのにさぞや貢献しただろうなああ…。！,2082450,,
団員,だんいん,10,23911,0,group member,ゲート前で戦った**団員**だ話をしたくて来てもらった……話っていうのは？,1419180,,
同胞,どうほう,10,11810,"0,2","brethren,brothers,fellow countrymen,fellowman,compatriot",シュウメイ殿にはスター団以外にもぼくっていう**同胞**がいるんだって！,1582360,,
特訓,とっくん,10,6311,0,"special training,intensive training,crash course",手を抜いたら**特訓**にならないし！,1454850,,
突然,とつぜん,10,608,0,"abrupt,sudden,unexpected",**突然**ですがセイジの！,1457040,,
悩む,なやむ,10,1102,2,"to be worried,to be troubled",……とりあえず店に入って**悩む**かな冷え性にはぶあつい靴下がいいの！,1469870,,
半分,はんぶん,10,1082,"3,0",half,**半分**になる変わらない２倍になるあら逆転の発想ね！,1479890,,
彼ら,かれら,10,965,1,"they,them",それは大ニュースですよ今も**彼ら**はいますか？,1483090,,
悲しい,かなしい,10,1005,"0,3","sad,miserable,unhappy,sorrowful,sad,lamentable,deplorable,grievous",お返事ないとサッドネスワシ**悲しく**なってしまうね前のレッスンではいろんな国の『おいしい』を教えたよね！,1483190,,
分秒,ふんびょう,10,124066,0,moment,我のほうが学ばせてもらったかいやはやお疲れさまでスターでござる今回殿が匹打倒に費やした時間は**分秒**！,1504150,,
保健,ほけん,10,19613,0,"preservation of health,hygiene,sanitation,health education (school subject)",そんときはビシバシ**保健**教えてあげるよ！,1513410,,
暮らす,くらす,10,758,0,"to live (on, by, etc.),to lead a life,to get along,to get by,to make a living,to earn a livelihood,to spend one's time (doing),to pass one's days (doing),to live,to get on (doing),to do daily,to do all day long,to continue doing",しばらく博士ともう１匹とエリアゼロで**暮らしてた**んだよね？,1514940,,
名物,めいぶつ,10,8195,1,"famous product,special product,speciality,specialty",ケツに火がついちまったさすがにやるじゃねえかアカデミー**名物**地獄の階段！,1531810,,
理解,りかい,10,707,1,"understanding,comprehension,appreciation,sympathy",興味深イ未来ノポケモンソノ弱点ヲ**理解**シテイルノカ？,1549910,,
